sku,mlir,succuss,time
gfx942,fused_op_bmm_05f21105614045806c58050c425add3941910f7c_32x21x96xbfloat16_32x96x96xbfloat16_benchmark.mlir,True,3.309330233233049
gfx942,fused_op_bmm_1cafd6d3b3dde335252db1830887f64a19bf9d5e_10x96x96xbfloat16_10x96x96xbfloat16_benchmark.mlir,True,7.904848791969319
gfx942,fused_op_bmm_2987a68d37bf95b02453b47ae8260f9b3bc4ea35_10x96x21xbfloat16_10x21x96xbfloat16_benchmark.mlir,True,4.070601781038567
gfx942,fused_op_bmm_36f300f3622ff36d3c37c21aa230efb3458148b2_32x96x21xbfloat16_32x21x96xbfloat16_benchmark.mlir,True,4.115669842545564
gfx942,fused_op_bmm_3d800a306f540b5ec44cd8d4c3b08890d8109e8f_5x384x192xbfloat16_5x384x384xbfloat16_benchmark.mlir,True,58.56785126645118
gfx942,fused_op_bmm_486d72565669702e4ff199fa22f699f0a931b1c0_5x384x192xbfloat16_5x192x384xbfloat16_benchmark.mlir,True,79.9512002077885
gfx942,fused_op_bmm_4fbbdceed471a115ccc4d4c1211894a5a60a8961_10x96x96xbfloat16_10x96x96xbfloat16_benchmark.mlir,True,7.75607365082639
gfx942,fused_op_bmm_58e6f2010c60fa7081c48810b3d6746d6901681c_5x384x192xbfloat16_5x384x192xbfloat16_benchmark.mlir,True,80.34203269419571
gfx942,fused_op_bmm_638406efd351c3d3255e9c5b9c73b5a8343b97a7_32x96x21xbfloat16_32x96x96xbfloat16_benchmark.mlir,True,3.300399869509662
gfx942,fused_op_bmm_65b38131d28a00193187ca5244d4b1feba490812_5x384x384xbfloat16_5x384x192xbfloat16_benchmark.mlir,True,1.2348231950619568
gfx942,fused_op_bmm_70dea66c9f7a1534f8fc8ed293ed33c5629a11ff_16x384x192xbfloat16_16x384x384xbfloat16_benchmark.mlir,True,57.70864669896352
gfx942,fused_op_bmm_76bcb0369c80bd47209dd6649b6891be538b8e29_32x96x96xbfloat16_32x96x96xbfloat16_benchmark.mlir,True,7.936223998169104
gfx942,fused_op_bmm_822c75e8759e28467dcd26177f663f5e97bee433_10x96x96xbfloat16_10x96x96xbfloat16_benchmark.mlir,True,8.056180371359611
gfx942,fused_op_bmm_8a0c2f7a3337d62e063911b1c6e2fd0f6cd12b32_32x96x96xbfloat16_32x21x96xbfloat16_benchmark.mlir,True,3.2542961611878125
gfx942,fused_op_bmm_978b55912d4a624daffa03c44380d51dd0070ba7_10x96x96xbfloat16_10x21x96xbfloat16_benchmark.mlir,True,3.182442894950509
gfx942,fused_op_bmm_b21220d946993a25a410fae20612583520a9fe77_32x96x96xbfloat16_32x96x96xbfloat16_benchmark.mlir,True,7.927356134913862
gfx942,fused_op_bmm_b3ae815a4656f94530c1aca3cd9175770f9d18a4_16x384x192xbfloat16_16x192x384xbfloat16_benchmark.mlir,True,78.41383715750028
gfx942,fused_op_bmm_b9f10f0c0e974467491a6403f38cdbd91b7d5b31_16x384x192xbfloat16_16x384x192xbfloat16_benchmark.mlir,True,77.85216466956771
gfx942,fused_op_bmm_c657084e30060190783ba0a59fe465def43d391a_16x384x384xbfloat16_16x384x192xbfloat16_benchmark.mlir,True,1.2568348794865112
gfx942,fused_op_bmm_cff4ced8a652d687e785168b5b3760dfb6845086_10x21x96xbfloat16_10x96x96xbfloat16_benchmark.mlir,True,3.2228606211021544
gfx942,fused_op_bmm_f3c8db517e88eb479a9fdd96348cdca14599dd89_32x96x96xbfloat16_32x96x96xbfloat16_benchmark.mlir,True,7.801439082389697
gfx942,fused_op_bmm_fc852d3154440eb01dc15cf4397fba00e5d006e9_10x96x21xbfloat16_10x96x96xbfloat16_benchmark.mlir,True,3.162837617782255
gfx942,fused_op_convert_el_convert_el_convert_el_mm_mul_mul_1_add_convert_el_01aac1e8e536a04e1359a547873042a1d4715f29_2048xbfloat16_150000x1024xbfloat16_2048x1024xbfloat16_benchmark.mlir,True,0.8754059752604614
gfx942,fused_op_convert_el_convert_el_convert_el_mm_mul_mul_1_add_convert_el_064d86319d7d574ff9e5bd3eb014c3482c57d106_3840xbfloat16_4352x3840xbfloat16_3840x3840xbfloat16_benchmark.mlir,True,106.67563422610984
gfx942,fused_op_convert_el_convert_el_convert_el_mm_mul_mul_1_add_convert_el_09b2fc22ee0fff786662a546cfc1d213f1b710fa_1024xbfloat16_150000x128xbfloat16_1024x128xbfloat16_benchmark.mlir,True,0.8828919581137598
gfx942,fused_op_convert_el_convert_el_convert_el_mm_mul_mul_1_add_convert_el_0aba9baf3d11cce6b30a622b76b9565d7592acd9_2048xbfloat16_4112x2048xbfloat16_2048x2048xbfloat16_benchmark.mlir,True,1.010104574589059
gfx942,fused_op_convert_el_convert_el_convert_el_mm_mul_mul_1_add_convert_el_1d1a7f39b5f9dcbf5a94fbed4cb6b90371df8e28_128xbfloat16_2119936x128xbfloat16_128x128xbfloat16_benchmark.mlir,True,21.80096124500657
gfx942,fused_op_convert_el_convert_el_convert_el_mm_mul_mul_1_add_convert_el_2fdba8fc05fd6089f0672bdeb064854f59ae3e86_1024xbfloat16_150000x4096xbfloat16_1024x4096xbfloat16_benchmark.mlir,True,0.8415141582799455
gfx942,fused_op_convert_el_convert_el_convert_el_mm_mul_mul_1_add_convert_el_349cf4bcfc1c79fb1f14af71680b279b1a9b7c16_2048xbfloat16_150000x8192xbfloat16_2048x8192xbfloat16_benchmark.mlir,True,0.8630988682930668
gfx942,fused_op_convert_el_convert_el_convert_el_mm_mul_mul_1_add_convert_el_35f983398d59bf9d489c73c22596a949d54b41bc_1024xbfloat16_5x1024xbfloat16_1024x1024xbfloat16_benchmark.mlir,True,3.210895421557749
gfx942,fused_op_convert_el_convert_el_convert_el_mm_mul_mul_1_add_convert_el_4310a3879ff8292b0d0b67f969250a155a04272e_576xbfloat16_7680x576xbfloat16_576x576xbfloat16_benchmark.mlir,True,1.505252626057093
gfx942,fused_op_convert_el_convert_el_convert_el_mm_mul_mul_1_add_convert_el_44fa83388f4968b3ed7fb45298a6519c82c8bfbf_576xbfloat16_1280x2304xbfloat16_576x2304xbfloat16_benchmark.mlir,True,1.161565779102966
gfx942,fused_op_convert_el_convert_el_convert_el_mm_mul_mul_1_add_convert_el_4914ac71e076cc6c1c2549b3adc901cd5564dfab_384xbfloat16_5x384xbfloat16_384x384xbfloat16_benchmark.mlir,True,7.088788403244689
gfx942,fused_op_convert_el_convert_el_convert_el_mm_mul_mul_1_add_convert_el_63377ae0c2ff8f556297bf5316223937a5f18bfc_4096xbfloat16_150000x16384xbfloat16_4096x16384xbfloat16_benchmark.mlir,True,0.8447489988058805
gfx942,fused_op_convert_el_convert_el_convert_el_mm_mul_mul_1_add_convert_el_64c9b2d98fe9fc70e0630a238e685b18a44da8a6_576xbfloat16_24576x576xbfloat16_576x576xbfloat16_benchmark.mlir,True,1.2758062741563967
gfx942,fused_op_convert_el_convert_el_convert_el_mm_mul_mul_1_add_convert_el_650376670eca97b03ec2126fdbb308b68b6d63ba_2268xbfloat16_150000x4096xbfloat16_2268x4096xbfloat16_benchmark.mlir,True,1.0776439770900954
gfx942,fused_op_convert_el_convert_el_convert_el_mm_mul_mul_1_add_convert_el_6f4e0ef8c9f4e1409baf5934af9c1ec1bc8f3920_128xbfloat16_32768x512xbfloat16_128x512xbfloat16_benchmark.mlir,True,16.60105055680809
gfx942,fused_op_convert_el_convert_el_convert_el_mm_mul_mul_1_add_convert_el_741c45e06fa4305c347b2b483f42b9b6b7963aa4_128xbfloat16_3670016x128xbfloat16_128x128xbfloat16_benchmark.mlir,True,21.66335625139376
gfx942,fused_op_convert_el_convert_el_convert_el_mm_mul_mul_1_add_convert_el_80664950801b4a78801e56bf6c98c0cff266881e_2048xbfloat16_1285x2048xbfloat16_2048x2048xbfloat16_benchmark.mlir,True,1.020670251439636
gfx942,fused_op_convert_el_convert_el_convert_el_mm_mul_mul_1_add_convert_el_86e98178fb92d76ed87f731e22d3d4db9e7681ee_3840xbfloat16_1280x3840xbfloat16_3840x3840xbfloat16_benchmark.mlir,True,154.58435976115678
gfx942,fused_op_convert_el_convert_el_convert_el_mm_mul_mul_1_add_convert_el_8bf9de24ecc4e18bbac00f9db6d1fb92a3b85f1c_3840xbfloat16_2304x3840xbfloat16_3840x3840xbfloat16_benchmark.mlir,True,194.37604638456057
gfx942,fused_op_convert_el_convert_el_convert_el_mm_mul_mul_1_add_convert_el_8eb21a7f895506f3ecba908e05d9c74cbeca735c_512xbfloat16_7680x512xbfloat16_512x512xbfloat16_benchmark.mlir,True,65.1009351370701
gfx942,fused_op_convert_el_convert_el_convert_el_mm_mul_mul_1_add_convert_el_9542f6153fb34fbdf8c063a5cd6f07177210c3d8_4096xbfloat16_150000x1024xbfloat16_4096x1024xbfloat16_benchmark.mlir,True,0.9039235298056156
gfx942,fused_op_convert_el_convert_el_convert_el_mm_mul_mul_1_add_convert_el_960dabb110077c65f6fcb64cf7a14475d882ce22_4096xbfloat16_150000x4096xbfloat16_4096x4096xbfloat16_benchmark.mlir,True,0.8604070531514784
gfx942,fused_op_convert_el_convert_el_convert_el_mm_mul_mul_1_add_convert_el_9d39ac4475c7ad105466cf8ad3b9aa67ee64f9bb_576xbfloat16_24576x2048xbfloat16_576x2048xbfloat16_benchmark.mlir,True,1.1362373990627626
gfx942,fused_op_convert_el_convert_el_convert_el_mm_mul_mul_1_add_convert_el_a14492a1a96061a0bc10af622649f2bfa9d89db7_20xbfloat16_21760x3840xbfloat16_20x3840xbfloat16_benchmark.mlir,True,16.376729099623237
gfx942,fused_op_convert_el_convert_el_convert_el_mm_mul_mul_1_add_convert_el_a18546d281e2a398f284202fcc5c7e6ad3a801f3_1024xbfloat16_16x1024xbfloat16_1024x1024xbfloat16_benchmark.mlir,True,3.2897686505224555
gfx942,fused_op_convert_el_convert_el_convert_el_mm_mul_mul_1_add_convert_el_b0ff381f59f3172bc6d3c92b3cfc69c4a22da253_576xbfloat16_7680x3840xbfloat16_576x3840xbfloat16_benchmark.mlir,True,1.528456482399876
gfx942,fused_op_convert_el_convert_el_convert_el_mm_mul_mul_1_add_convert_el_b27d9c0e423a8ca54741b35128a4f51fc8e8b9ef_512xbfloat16_18928x128xbfloat16_512x128xbfloat16_benchmark.mlir,True,0.8117789439546566
gfx942,fused_op_convert_el_convert_el_convert_el_mm_mul_mul_1_add_convert_el_b2dab24aca4d3694d933173c89b1d666c667eff8_16384xbfloat16_150000x4096xbfloat16_16384x4096xbfloat16_benchmark.mlir,True,0.8280244177828232
gfx942,fused_op_convert_el_convert_el_convert_el_mm_mul_mul_1_add_convert_el_bd1b24beac540bdfac66ebdd2a23d60cd9da9854_512xbfloat16_24576x512xbfloat16_512x512xbfloat16_benchmark.mlir,True,47.5296175009571
gfx942,fused_op_convert_el_convert_el_convert_el_mm_mul_mul_1_add_convert_el_ce0548a45550d59dfd291d4bc2e6fb0db0946f60_576xbfloat16_1280x3840xbfloat16_576x3840xbfloat16_benchmark.mlir,True,1.226853498769924
gfx942,fused_op_convert_el_convert_el_convert_el_mm_mul_mul_1_add_convert_el_d62c32e8006b92eea0ce799caaa1301713177ec8_4096xbfloat16_150000x2048xbfloat16_4096x2048xbfloat16_benchmark.mlir,True,0.8514875450016309
gfx942,fused_op_convert_el_convert_el_convert_el_mm_mul_mul_1_add_convert_el_da72b0b7f66978de8cb5b5125aed54bff827ad2c_4096xbfloat16_150000x105xbfloat16_4096x105xbfloat16_benchmark.mlir,True,0.8066377380707611
gfx942,fused_op_convert_el_convert_el_convert_el_mm_mul_mul_1_add_convert_el_e03cb945dc6d015f47360c19ac08e007f407ecea_512xbfloat16_32768x128xbfloat16_512x128xbfloat16_benchmark.mlir,True,24.640562582559262
gfx942,fused_op_convert_el_convert_el_convert_el_mm_mul_mul_1_add_convert_el_e3c3813d9aed808a2629431fe19bac16e5a4a1a7_576xbfloat16_1280x576xbfloat16_576x576xbfloat16_benchmark.mlir,True,1.088834844607239
gfx942,fused_op_convert_el_convert_el_convert_el_mm_mul_mul_1_add_convert_el_ebd6e4b400990d00a7fa82de4bf64507bdd41f36_1024xbfloat16_16x512xbfloat16_1024x512xbfloat16_benchmark.mlir,True,3.3527443126775323
gfx942,fused_op_convert_el_convert_el_convert_el_mm_mul_mul_1_add_convert_el_ed12239c1dbbc9e05a2a75db3a156b3e5043e82d_128xbfloat16_18928x128xbfloat16_128x128xbfloat16_benchmark.mlir,True,0.874773135362193
gfx942,fused_op_convert_el_convert_el_convert_el_mm_mul_mul_1_add_convert_el_ede9f8589a53a41872573c10e540dc32f0505f23_4xbfloat16_5x384xbfloat16_4x384xbfloat16_benchmark.mlir,True,1.1768785281727712
gfx942,fused_op_convert_el_convert_el_convert_el_mm_mul_mul_1_add_convert_el_eecef766b5861c896c12f793c51a78f1a68fc904_1024xbfloat16_5x512xbfloat16_1024x512xbfloat16_benchmark.mlir,True,3.359772793933128
gfx942,fused_op_convert_el_convert_el_convert_el_mm_mul_mul_1_add_convert_el_f0625543a6ef05000c9accff519357ceaf6dca0f_8192xbfloat16_150000x2048xbfloat16_8192x2048xbfloat16_benchmark.mlir,True,0.8666645712219179
gfx942,fused_op_convert_el_convert_el_convert_el_mm_mul_mul_1_add_convert_el_f1a2658e00aec6ee8c6e680ab2a12ecbb334581e_128xbfloat16_18928x512xbfloat16_128x512xbfloat16_benchmark.mlir,True,0.7925026763385783
gfx942,fused_op_convert_el_convert_el_convert_el_mm_mul_mul_1_add_convert_el_f2cf8baddfd5b170c47747d720514b56d9c27b7e_3840xbfloat16_256x3840xbfloat16_3840x3840xbfloat16_benchmark.mlir,True,102.1503689512921
gfx942,fused_op_convert_el_convert_el_convert_el_mm_mul_mul_1_add_convert_el_f62a897d431b42072daeb103b2b16ee04d458655_1134xbfloat16_150000x2048xbfloat16_1134x2048xbfloat16_benchmark.mlir,True,1.0312516272533685
gfx942,fused_op_convert_el_convert_el_convert_el_mm_mul_mul_1_add_convert_el_f9a2c2d10ef18c0247f40de8034b5d032491cb36_128xbfloat16_32768x128xbfloat16_128x128xbfloat16_benchmark.mlir,True,16.221323339392743
gfx942,fused_op_mm_00e858db2f473a91e5148445b71498d469feab55_7680x576xbfloat16_576x576xbfloat16_benchmark.mlir,True,1.5879197778956344
gfx942,fused_op_mm_012c28e6a82119aecf801de6bb2388fe92be1a72_150000x1134xbfloat16_1134x2048xbfloat16_benchmark.mlir,True,0.7970369890332222
gfx942,fused_op_mm_037e17c7c6421d0affce70af3955521ede7322a6_24576x2048xbfloat16_512x2048xbfloat16_benchmark.mlir,True,47.662156916037205
gfx942,fused_op_mm_04d573574a7ca9714738a3a71d149bb78eaf40b8_165x576xbfloat16_1728x576xbfloat16_benchmark.mlir,True,1.0200238863471895
gfx942,fused_op_mm_0544922ac51a6e4906b5d97adfaafbc63b435d07_1280x1728xbfloat16_1280x576xbfloat16_benchmark.mlir,True,60.540017178825416
gfx942,fused_op_mm_07097b90cd90f5d1d011973df14c968c195fc64e_1285x2048xbfloat16_1285x8192xbfloat16_benchmark.mlir,True,16.57470920702132
gfx942,fused_op_mm_072405fcb8bac52843c74b74087c0e89629bf3df_32768x128xbfloat16_128x512xbfloat16_benchmark.mlir,True,25.07090700416205
gfx942,fused_op_mm_072fd4b7f46b95e4552f8faeaaf957cf63ee0f36_24576x304xbfloat16_304x512xbfloat16_benchmark.mlir,True,20.588769446779043
gfx942,fused_op_mm_08aadd4269f6e706ba7a8a61d5b6606bbdf0277e_24576x2048xbfloat16_2048x1536xbfloat16_benchmark.mlir,True,84.97647964664114
gfx942,fused_op_mm_09863f822b03c0ab92acefae24ec1ad3eeb4046f_10x576xbfloat16_576x576xbfloat16_benchmark.mlir,True,0.7809268488393476
gfx942,fused_op_mm_0a6f15bbf23ccd3bc0c541d558ad11fde9171919_1285x2048xbfloat16_2048x3840xbfloat16_benchmark.mlir,True,1.222632188272352
gfx942,fused_op_mm_0b4492b63d99c96a5ec207ec465d266db4cc00d2_1280x576xbfloat16_576x576xbfloat16_benchmark.mlir,True,1.18822717096967
gfx942,fused_op_mm_0b8e56616d2038a78bdeb549a9b482731fe88535_7680x512xbfloat16_304x512xbfloat16_benchmark.mlir,True,1.461035579846551
gfx942,fused_op_mm_0bd99756c6a3f296f5dccd50671b4146834e1a35_1280x576xbfloat16_1280x2304xbfloat16_benchmark.mlir,True,83.88280211010327
gfx942,fused_op_mm_0c102c36117103e2a7b9ad853325b6116cc3c0ba_4096x8192xbfloat16_2048x8192xbfloat16_benchmark.mlir,True,26.760365954212222
gfx942,fused_op_mm_0f5e54fe4c781453094d1d03ded6fdd1f82d63fc_165x576xbfloat16_165x2304xbfloat16_benchmark.mlir,True,30.67559785459501
gfx942,fused_op_mm_0fdb139d0976e1e45f0b6862c30603fd461efbad_4096x8192xbfloat16_4096x2048xbfloat16_benchmark.mlir,True,27.31665354513874
gfx942,fused_op_mm_11568dfec6ed575bd4e00fd1d0f5f1310302d6ae_16x1024xbfloat16_1024x1024xbfloat16_benchmark.mlir,True,3.1612526370522875
gfx942,fused_op_mm_1180608359864d86621ba7e496b4ca52df10838f_7680x512xbfloat16_2048x512xbfloat16_benchmark.mlir,True,66.56308802280886
gfx942,fused_op_mm_151854ef9527a67c16b1c1e98630311308dd87a7_1280x3840xbfloat16_3840x3840xbfloat16_benchmark.mlir,True,155.1495520603067
gfx942,fused_op_mm_1575148db041eee297d84a3e4115e555ec1a4883_150000x8192xbfloat16_150000x2048xbfloat16_benchmark.mlir,True,30.06725107897073
gfx942,fused_op_mm_15e36b83d09986106c6693745a79b25dbd7205cd_7680x512xbfloat16_7680x2048xbfloat16_benchmark.mlir,True,53.39307211030585
gfx942,fused_op_mm_16598e84d4ba63e7dce8fda98462355895c55dde_150000x1024xbfloat16_1024x128xbfloat16_benchmark.mlir,True,0.921006833249703
gfx942,fused_op_mm_1712abd86a0db25adf8b337bfbcbc22d463c5d31_165x1728xbfloat16_165x576xbfloat16_benchmark.mlir,True,20.915813031683985
gfx942,fused_op_mm_177b289ada3f3d6f1934d4b326b2cdbd795fe9c3_24576x512xbfloat16_2048x512xbfloat16_benchmark.mlir,True,48.09338369593024
gfx942,fused_op_mm_17d036f7fbba908cc2aac89e5b38ea88c7081d89_150000x4096xbfloat16_4096x1024xbfloat16_benchmark.mlir,True,0.9302678456995636
gfx942,fused_op_mm_17e5d4e3780f90c592e9ac0bab212dd1bc28b600_165x1728xbfloat16_1728x576xbfloat16_benchmark.mlir,True,0.9952468648397674
gfx942,fused_op_mm_1846216c3f2564f25eed76f9a1eddf979add43d9_150000x2048xbfloat16_150000x1024xbfloat16_benchmark.mlir,True,30.24409944959916
gfx942,fused_op_mm_18c23fe92b497b139d9de32ced7c5499bd4e8a96_24576x512xbfloat16_24576x2048xbfloat16_benchmark.mlir,True,41.533236867686114
gfx942,fused_op_mm_1a6f1657f751029f61922078ba2139da26ea01ad_150000x1024xbfloat16_1024x1024xbfloat16_benchmark.mlir,True,0.9013987581711262
gfx942,fused_op_mm_1b6df0c6373cc8ab746da29f75f57a4678d848cc_11520x3840xbfloat16_11520x3840xbfloat16_benchmark.mlir,True,192.4515660325997
gfx942,fused_op_mm_1cf3cd72f4c1e969938577d0a4c7fd56f371d7ce_1285x3840xbfloat16_1285x2048xbfloat16_benchmark.mlir,True,38.546981501424064
gfx942,fused_op_mm_1dd0998cdc15aecc238fde11f5e54fe05fa60de7_18928x128xbfloat16_18928x128xbfloat16_benchmark.mlir,True,8.43596157223607
gfx942,fused_op_mm_1ef0a140fbeffa95e785fbee93412ee3e2083a66_7680x576xbfloat16_576x3840xbfloat16_benchmark.mlir,True,192.5001368563001
gfx942,fused_op_mm_1fafe715adec42b46e3eb5d707d7bd681bf45232_10x576xbfloat16_2304x576xbfloat16_benchmark.mlir,True,9.698108638605724
gfx942,fused_op_mm_1fc6732caf64a7cd1472f06f927f38bba7bea351_1280x3840xbfloat16_1280x576xbfloat16_benchmark.mlir,True,101.93696394314368
gfx942,fused_op_mm_203ddc644ee494ed928715bee8b1decf58478e22_7680x304xbfloat16_512x304xbfloat16_benchmark.mlir,True,29.277799643808976
gfx942,fused_op_mm_22c2b02fbc0a773d19cf18ae1e48662e9f126c64_1280x576xbfloat16_1728x576xbfloat16_benchmark.mlir,True,1.1952314370311796
gfx942,fused_op_mm_23a1904c23d796acf48d30815be1f767e3debc24_4096x2048xbfloat16_2048x2048xbfloat16_benchmark.mlir,True,26.811285953549667
gfx942,fused_op_mm_23fdea0faab2d607c437628bb3e45e8413b1b731_1285x2048xbfloat16_1285x2048xbfloat16_benchmark.mlir,True,16.57050059825803
gfx942,fused_op_mm_2622e75a8355ddcc64d65248f23d7ef4b392c3f4_256x3840xbfloat16_3840x3840xbfloat16_benchmark.mlir,True,103.37490731546036
gfx942,fused_op_mm_2a5ff69bcc92a4834948ecb430fce119f3a3ce74_18928x128xbfloat16_128x128xbfloat16_benchmark.mlir,True,0.8016833018511533
gfx942,fused_op_mm_2b40e1d10f495e8892161007a3d857949b748ed9_4096x1152xbfloat16_4096x576xbfloat16_benchmark.mlir,True,58.08341975668445
gfx942,fused_op_mm_2b7965f27d1235fefcfc3b1634faa5cc1099f6cf_24576x1728xbfloat16_1728x576xbfloat16_benchmark.mlir,True,1.3511994386557489
gfx942,fused_op_mm_2ea8f39ed302e9b52250e04ad5ab62812a3ab6e9_32x2304xbfloat16_32x576xbfloat16_benchmark.mlir,True,42.36648794179782
gfx942,fused_op_mm_2f26b73f3ad40ea5e67fb931689f89f8cc2eaf7e_18928x512xbfloat16_18928x128xbfloat16_benchmark.mlir,True,11.984387147783613
gfx942,fused_op_mm_2f5cb894d6607c5cc9bbc35f0dbd589e7efb881c_10x2304xbfloat16_10x576xbfloat16_benchmark.mlir,True,23.920785515522585
gfx942,fused_op_mm_30ef1e0210111b73d9e49dcf4b77927e7646edd6_1280x3840xbfloat16_3840x3840xbfloat16_benchmark.mlir,True,155.12212853954796
gfx942,fused_op_mm_30fb13ca54bad673af6a17af15544e136318cef7_4112x8192xbfloat16_4112x2048xbfloat16_benchmark.mlir,True,11.71605260957343
gfx942,fused_op_mm_31b5e111cb57b28f40970e73fa45d1ae613a2ac5_10x576xbfloat16_10x2304xbfloat16_benchmark.mlir,True,23.925540424107265
gfx942,fused_op_mm_32d852a128ee2bbc5997605219d7769ca01db2f8_150000x1024xbfloat16_150000x128xbfloat16_benchmark.mlir,True,18.975561730268723
gfx942,fused_op_mm_334ac0f6d37585eb819016011650a9537b681dd3_21760x20xbfloat16_20x3840xbfloat16_benchmark.mlir,True,50.440251490908366
gfx942,fused_op_mm_369d8f851dfa3ddd71ef3df7293e325504d80678_150000x4096xbfloat16_4096x2048xbfloat16_benchmark.mlir,True,0.9656084633121887
gfx942,fused_op_mm_36c13bd10c7cf5203d16246e2317b0fb842c2377_24576x2048xbfloat16_24576x1536xbfloat16_benchmark.mlir,True,72.27678049937822
gfx942,fused_op_mm_3794936e178e20c6c685e03ab93642960e15e66d_150000x16384xbfloat16_16384x4096xbfloat16_benchmark.mlir,True,0.9537578109186142
gfx942,fused_op_mm_380f67cd45d60a100f88dffc98f4013983032ec1_150000x4096xbfloat16_150000x4096xbfloat16_benchmark.mlir,True,30.165471879920613
gfx942,fused_op_mm_382c07ac79bbe3bfdc6d4f3d59dc18335a62687a_1280x7680xbfloat16_1280x3840xbfloat16_benchmark.mlir,True,194.57308894588303
gfx942,fused_op_mm_39fb1592c72bec97058bc9b0e32bd211567da490_7680x304xbfloat16_304x512xbfloat16_benchmark.mlir,True,29.32363196631583
gfx942,fused_op_mm_3a0fb901f6a5bbaf525a21ccc6204fda32e00cb0_165x2304xbfloat16_576x2304xbfloat16_benchmark.mlir,True,1.0739595745069286
gfx942,fused_op_mm_3a279fd4cd1b5fc225a0092cbc05b0e342fb89e7_10x2304xbfloat16_576x2304xbfloat16_benchmark.mlir,True,0.7837283338575314
gfx942,fused_op_mm_3bae4c2bfbe0ebbc639738b4ac09969f231dd821_4096x2048xbfloat16_2048x2048xbfloat16_benchmark.mlir,True,27.132170419193184
gfx942,fused_op_mm_3d73bf58ee0769d1028dbc79275b963eaef9fa7a_1285x2048xbfloat16_8192x2048xbfloat16_benchmark.mlir,True,0.8686772402841598
gfx942,fused_op_mm_3ddb4bce77cd7db5615f375aa85bc3683f9eebde_2119936x128xbfloat16_128x128xbfloat16_benchmark.mlir,True,21.943394261877984
gfx942,fused_op_mm_3ddd151178a649d9cab8e1bbe5562fc5c9162198_150000x4096xbfloat16_4096x16384xbfloat16_benchmark.mlir,True,0.9334373926122984
gfx942,fused_op_mm_3ef5ce63c661d3983cf6d1f83bc5190dee98beaf_7680x2048xbfloat16_7680x1536xbfloat16_benchmark.mlir,True,91.82214064402504
gfx942,fused_op_mm_3f6a6d693d48f21d83b0ea568ef8a9f07d08e25a_1280x3840xbfloat16_7680x3840xbfloat16_benchmark.mlir,True,163.8035438158239
gfx942,fused_op_mm_3f8570c26c7b1ba6c063697818a2e31543248657_10x576xbfloat16_576x2304xbfloat16_benchmark.mlir,True,9.527543880262725
gfx942,fused_op_mm_40cd953a25b67adc0c22f59588aae8c259c968b8_1280x3840xbfloat16_1280x3840xbfloat16_benchmark.mlir,True,188.9970535205677
gfx942,fused_op_mm_418e59ad07657461628ff131a062ad76dde42884_24576x304xbfloat16_512x304xbfloat16_benchmark.mlir,True,21.01177523151661
gfx942,fused_op_mm_41dea93faee482880d27d1b40347da40a7ef3c5d_165x2304xbfloat16_2304x576xbfloat16_benchmark.mlir,True,1.1578938412014397
gfx942,fused_op_mm_434de9936211bee83844e8d58d508c2c5e8dad91_7680x576xbfloat16_576x576xbfloat16_benchmark.mlir,True,1.5331824051371463
gfx942,fused_op_mm_46d345dd3cabfedf0f1897609fb7ec1f06f23225_528x576xbfloat16_528x2304xbfloat16_benchmark.mlir,True,49.89893904581356
gfx942,fused_op_mm_46f3f729c40443d9c2774bb559e0576ea88f8c75_16x1024xbfloat16_1024x512xbfloat16_benchmark.mlir,True,3.187521002550299
gfx942,fused_op_mm_4987af4b30674002fb4ef98a53aa364461746f54_150000x3072xbfloat16_150000x1024xbfloat16_benchmark.mlir,True,51.17801173867968
gfx942,fused_op_mm_499dc189b9f54751e4a0b5e0a2a6c8e4228e5c41_960x2048xbfloat16_256x2048xbfloat16_benchmark.mlir,True,0.8381641750379155
gfx942,fused_op_mm_49deeba0f1d3bef1638ce323f37108d3cc71e115_32768x128xbfloat16_32768x512xbfloat16_benchmark.mlir,True,17.06399046628115
gfx942,fused_op_mm_4da40c42a60f8073693bd03200dff3e8793230e6_16800000x128xbfloat16_128x134xbfloat16_benchmark.mlir,True,1.162925267467896
gfx942,fused_op_mm_4dc8353f99c825d0383875865760b7d858dba00d_7680x576xbfloat16_1728x576xbfloat16_benchmark.mlir,True,1.560333363773922
gfx942,fused_op_mm_512bb641c803cb3732f90390091b7546a238b969_150000x4096xbfloat16_150000x16384xbfloat16_benchmark.mlir,True,31.002066624180102
gfx942,fused_op_mm_5162f186214cd313994c3fd4ab6fc791ddb3dfa0_3072x256xbfloat16_3072x2048xbfloat16_benchmark.mlir,True,35.7830816806294
gfx942,fused_op_mm_51d6bbda6bbcffd4ca5d43b897baf26c1e3b853b_528x2304xbfloat16_2304x576xbfloat16_benchmark.mlir,True,1.311987246433273
gfx942,fused_op_mm_542ef0152e472ef8df3e58597cc28991817b0d5e_2304x3840xbfloat16_2304x3840xbfloat16_benchmark.mlir,True,194.6613410344968
gfx942,fused_op_mm_57d29a7f5d11cf1ef36d450ee29dbfdb720ef5f0_165x576xbfloat16_165x576xbfloat16_benchmark.mlir,True,19.812065259941544
gfx942,fused_op_mm_58f1d9c26ca724e44f878c93263a859376b340df_1285x2048xbfloat16_2048x8192xbfloat16_benchmark.mlir,True,0.886570493147398
gfx942,fused_op_mm_58fc0d142774adce4187034045f4469c6a3d0ae3_7680x576xbfloat16_3840x576xbfloat16_benchmark.mlir,True,192.6793499612715
gfx942,fused_op_mm_58fe34c9f20671d4ef0cfcba8485c49a44401963_150000x2048xbfloat16_2048x1024xbfloat16_benchmark.mlir,True,0.9036984521895648
gfx942,fused_op_mm_5902e7b3f2e5a4dfdc641807593e4ca6e591f540_4112x8192xbfloat16_8192x2048xbfloat16_benchmark.mlir,True,1.0890247280243783
gfx942,fused_op_mm_5bd10678f76842e3ee4f78d7c7f0c8883878f889_3670016x128xbfloat16_128x128xbfloat16_benchmark.mlir,True,21.445220074569807
gfx942,fused_op_mm_5bdb4cc5f642456c6165bf566a3641b89153194f_150000x2048xbfloat16_2048x8192xbfloat16_benchmark.mlir,True,0.8949553090302894
gfx942,fused_op_mm_5c9e7ea873d9b46953d3aec57a349ecb08a2be92_5x1024xbfloat16_5x1024xbfloat16_benchmark.mlir,True,9.02400018290306
gfx942,fused_op_mm_5d7f572ad1c3c5e43214bae931f5a21b7c15f0ea_5x1024xbfloat16_1024x512xbfloat16_benchmark.mlir,True,3.186820290129011
gfx942,fused_op_mm_60df32bc4bc84f3b47640b6206a19e4b9ac8081f_5x384xbfloat16_384x384xbfloat16_benchmark.mlir,True,6.9755768951959904
gfx942,fused_op_mm_61526b2842a4ce8bcb032dd1bdb8cfefcf663053_4112x2048xbfloat16_4112x8192xbfloat16_benchmark.mlir,True,11.699744410564502
gfx942,fused_op_mm_6192a14a718f1ea914946d302b631204fa28cf9d_1285x3840xbfloat16_3840x2048xbfloat16_benchmark.mlir,True,1.048305783327669
gfx942,fused_op_mm_626935bd802e60bdf0770c7b73b3208c47f3ab13_24576x2048xbfloat16_24576x576xbfloat16_benchmark.mlir,True,49.96588714988902
gfx942,fused_op_mm_62770a3538976f6cce19e9904ff92b7a60e7488b_7680x2048xbfloat16_2048x1536xbfloat16_benchmark.mlir,True,120.94007414372948
gfx942,fused_op_mm_62d9672df34ac0204800d014f7068b7a63de65c4_4352x3840xbfloat16_4352x3840xbfloat16_benchmark.mlir,True,151.50816932660527
gfx942,fused_op_mm_6426b016c9f73d4b4ac77fe3f57204a6cb11a536_150000x2268xbfloat16_150000x4096xbfloat16_benchmark.mlir,True,5.743531845665227
gfx942,fused_op_mm_660ea5711ba89f83ce0d70d8be3379f62ef688f7_5x4xbfloat16_4x384xbfloat16_benchmark.mlir,True,1.7216977136054388
gfx942,fused_op_mm_663ddd6a283771c2759d4d196d270322eb46555a_4096x2048xbfloat16_2048x8192xbfloat16_benchmark.mlir,True,27.14308028911861
gfx942,fused_op_mm_692f4247c752fe4d688a4f1069aa4c845d0a3874_528x576xbfloat16_576x2304xbfloat16_benchmark.mlir,True,1.4020245680119845
gfx942,fused_op_mm_6a425bc368930c347a09aad302127147b872fd0b_18928x128xbfloat16_128x512xbfloat16_benchmark.mlir,True,0.8378997472114861
gfx942,fused_op_mm_6bd98a9dd0371d4e88c42c3d602a911b05a51a49_16x1024xbfloat16_16x512xbfloat16_benchmark.mlir,True,12.222939355423051
gfx942,fused_op_mm_6c3244b7ab8b444a2c8d6561764827054787f5de_4112x2048xbfloat16_2048x8192xbfloat16_benchmark.mlir,True,1.0816076446324587
gfx942,fused_op_mm_6d60ae81c21e05e510e9072ff5b06a70a0e61459_32x2304xbfloat16_2304x576xbfloat16_benchmark.mlir,True,0.8373806056876977
gfx942,fused_op_mm_705a53b07f5f11467df06bc126d635014813a0e8_3072x256xbfloat16_256x2048xbfloat16_benchmark.mlir,True,47.67627294484216
gfx942,fused_op_mm_706401d89e769174af3201d333a5f92cd02ebd07_528x576xbfloat16_576x576xbfloat16_benchmark.mlir,True,1.1668659042101353
gfx942,fused_op_mm_72c64e78427da21ca3ecc5f3006f3455d785214d_24576x512xbfloat16_24576x304xbfloat16_benchmark.mlir,True,16.8871528074611
gfx942,fused_op_mm_74feccd6fff6f62f82187490e168d12fabc255a9_32x576xbfloat16_576x576xbfloat16_benchmark.mlir,True,0.8442990823338429
gfx942,fused_op_mm_79d284b9b53c66d5daa286a3d25a4fb58fcf39fa_4112x2048xbfloat16_4112x2048xbfloat16_benchmark.mlir,True,11.48997496861654
gfx942,fused_op_mm_7e2ebc614da303507b969d3b05cbed175ba4b43a_10x576xbfloat16_576x576xbfloat16_benchmark.mlir,True,0.8210536221507937
gfx942,fused_op_mm_7e3c677dfc8d0e9ec41a1b759d31bec3988c40eb_165x576xbfloat16_2304x576xbfloat16_benchmark.mlir,True,1.1530350169322143
gfx942,fused_op_mm_7f341226f1e607e75e905569e7fc4f215a9a0136_32768x128xbfloat16_128x128xbfloat16_benchmark.mlir,True,16.34236822879563
gfx942,fused_op_mm_7fb15a929dc009f84f65e883e3d05935f010d193_4112x8192xbfloat16_2048x8192xbfloat16_benchmark.mlir,True,1.0699872732938578
gfx942,fused_op_mm_802788ed6f6fa79a7b4bd8492e2f1e320bc5ba41_4096x8192xbfloat16_8192x2048xbfloat16_benchmark.mlir,True,27.159113702240088
gfx942,fused_op_mm_815596f93e67e8e8bdaa1bd20990c050aacfec1e_4096x1152xbfloat16_1152x576xbfloat16_benchmark.mlir,True,1.1723809044342488
gfx942,fused_op_mm_824940dd87d08de26566d77aea1d6636dfec0aa0_960x256xbfloat16_256x2048xbfloat16_benchmark.mlir,True,0.8778003114120414
gfx942,fused_op_mm_8376f86f567a41570cba94404136af5c9eb0ea90_165x576xbfloat16_576x576xbfloat16_benchmark.mlir,True,1.0701538522262126
gfx942,fused_op_mm_86c19d001470c7669b40698896ecfca4237898c6_1280x1152xbfloat16_1280x576xbfloat16_benchmark.mlir,True,77.01177616535375
gfx942,fused_op_mm_870474c932f1b1da51aaac61a7c4b8e60d120310_24576x512xbfloat16_304x512xbfloat16_benchmark.mlir,True,1.2442436321948966
gfx942,fused_op_mm_87592e1dd38b3c71ddbffbf1b96ff20f6d3a7598_7680x2048xbfloat16_512x2048xbfloat16_benchmark.mlir,True,66.81155047512924
gfx942,fused_op_mm_88fff1ad50da9b51077fb3eca5249b83de877795_4096x6144xbfloat16_4096x2048xbfloat16_benchmark.mlir,True,48.698032710763314
gfx942,fused_op_mm_8b95b279e0810750ac887032357faf219a0d4e9d_165x576xbfloat16_576x576xbfloat16_benchmark.mlir,True,1.0045184728999932
gfx942,fused_op_mm_8bb12a641f159592f4397b94fa0a0966a13328f5_32x576xbfloat16_576x2304xbfloat16_benchmark.mlir,True,17.825577143967774
gfx942,fused_op_mm_8c14954568a98526651c91763c85d744445c308b_7680x1536xbfloat16_2048x1536xbfloat16_benchmark.mlir,True,102.21718018925748
gfx942,fused_op_mm_8cd5a2303e5647d3bcdd07e6f06055f122a3ef7e_1280x7680xbfloat16_7680x3840xbfloat16_benchmark.mlir,True,155.81285520998452
gfx942,fused_op_mm_90bff78c5e44d6be249ca2f0fd08f18f842949b6_5x384xbfloat16_5x384xbfloat16_benchmark.mlir,True,17.292688480718063
gfx942,fused_op_mm_920ddc462c3e35485abd0b2864859dd40f992465_24576x1728xbfloat16_24576x576xbfloat16_benchmark.mlir,True,71.83293996367914
gfx942,fused_op_mm_93eb413c69cd0773c22959f51c733c416b4cbf20_528x2304xbfloat16_528x576xbfloat16_benchmark.mlir,True,49.84167532642993
gfx942,fused_op_mm_9426a6bb426aab65c4e6389d157331ba3cc8ac75_1285x2048xbfloat16_2048x2048xbfloat16_benchmark.mlir,True,0.8829412061876307
gfx942,fused_op_mm_9474bfb9b05d11df926e982001879ff6f8416045_4096x2048xbfloat16_4096x8192xbfloat16_benchmark.mlir,True,27.353488996609425
gfx942,fused_op_mm_949e320e84d97bc0358d9385ee57c1259dc5d4cc_150000x1024xbfloat16_150000x4096xbfloat16_benchmark.mlir,True,30.037374064652248
gfx942,fused_op_mm_95358c015e70714804b90cf14af8f97478ea5eb2_24576x576xbfloat16_24576x576xbfloat16_benchmark.mlir,True,67.7533232274931
gfx942,fused_op_mm_95a9428b80ba9b8014e2977adeb19a8d3319b5cc_1280x2304xbfloat16_1280x576xbfloat16_benchmark.mlir,True,84.18025278807617
gfx942,fused_op_mm_95f201e40dbb32edb7d386d75c905bc459443ac2_3670016x128xbfloat16_3670016x128xbfloat16_benchmark.mlir,True,15.784616628972191
gfx942,fused_op_mm_970e17aca328178c974843e1d3f7ed6028b64ac3_18928x512xbfloat16_512x128xbfloat16_benchmark.mlir,True,0.8423257801526537
gfx942,fused_op_mm_98c67622c6def4077f3f3f1cc6fc90612dd7f641_11520x3840xbfloat16_3840x3840xbfloat16_benchmark.mlir,True,191.9060797716801
gfx942,fused_op_mm_9941b00ac8b91e86850e1fd74c6226d792645ca4_1280x576xbfloat16_576x3840xbfloat16_benchmark.mlir,True,125.57477335349346
gfx942,fused_op_mm_99dc5470e06d695c35386328396cbe0150cfcf66_5x1024xbfloat16_1024x1024xbfloat16_benchmark.mlir,True,3.331377770394708
gfx942,fused_op_mm_9ad46c3940c3ab4764c82dce42ae95607e5bf011_32x2304xbfloat16_576x2304xbfloat16_benchmark.mlir,True,0.8234029714328547
gfx942,fused_op_mm_9d1b3cbddb7f39ce805a92c15de00af81b7790ff_150000x4096xbfloat16_150000x1024xbfloat16_benchmark.mlir,True,30.20513089139325
gfx942,fused_op_mm_9dc2996ad6ccb60fa789d4cd6ca7c8a55b9097e4_7680x1728xbfloat16_1728x576xbfloat16_benchmark.mlir,True,1.623437268504252
gfx942,fused_op_mm_9dc2ac579101338abb0995f5ad38d09ac003851f_150000x4096xbfloat16_4096x4096xbfloat16_benchmark.mlir,True,0.9020689022106428
gfx942,fused_op_mm_9ef7ebeb99390414c1633dff355675a371fca2b5_10x576xbfloat16_10x576xbfloat16_benchmark.mlir,True,15.273296045636137
gfx942,fused_op_mm_9fe04c7580db4acd63f23657518202a912bbf4c5_256x3840xbfloat16_256x3840xbfloat16_benchmark.mlir,True,146.7345884691303
gfx942,fused_op_mm_a107c8c56726afcbef91d9e17bfead38892510f3_24576x304xbfloat16_24576x512xbfloat16_benchmark.mlir,True,17.265250372483084
gfx942,fused_op_mm_a113c5878798f60fdf47785c9a30945cc602c744_1280x576xbfloat16_576x2304xbfloat16_benchmark.mlir,True,103.13775383979082
gfx942,fused_op_mm_a3b0ca4ab5de610cf749db1fa6b4ae9dc579aefb_2119936x128xbfloat16_2119936x128xbfloat16_benchmark.mlir,True,17.543467520705114
gfx942,fused_op_mm_a3b0ea6a0f51b8e4a2860aff1e387a7521bb3fd2_528x1728xbfloat16_528x576xbfloat16_benchmark.mlir,True,33.38481669233491
gfx942,fused_op_mm_a40c704190bc523e09646546f37eb28b381c5bb0_16640x3840xbfloat16_3840x3840xbfloat16_benchmark.mlir,True,167.69124551458904
gfx942,fused_op_mm_a55123289a70f6abd28f3a20cd8a39c37fbfca31_24576x512xbfloat16_512x2048xbfloat16_benchmark.mlir,True,48.41566619947552
gfx942,fused_op_mm_a6140241008dd0ae40ee37896f1df6c035960dde_32768x512xbfloat16_512x128xbfloat16_benchmark.mlir,True,16.735996102541684
gfx942,fused_op_mm_a625c4a8af3eca01620d6a88c68c94b82b683bd1_7680x304xbfloat16_7680x512xbfloat16_benchmark.mlir,True,21.730272653636835
gfx942,fused_op_mm_a62f20b2cb76de9d6623b512af9cf05b2f8f3cb3_7680x576xbfloat16_7680x576xbfloat16_benchmark.mlir,True,87.2279269971419
gfx942,fused_op_mm_a7c1d211956e2405632f945bd39ce48e49a5656b_7680x1728xbfloat16_7680x576xbfloat16_benchmark.mlir,True,90.58039417387916
gfx942,fused_op_mm_a8e5260270684f1c7d279bfb7679430440b17b77_16800000x128xbfloat16_16800000x134xbfloat16_benchmark.mlir,True,22.828891365400825
gfx942,fused_op_mm_a921a7fa1efb81ea848eff07f0e2ea8b081f98f8_1280x576xbfloat16_3840x576xbfloat16_benchmark.mlir,True,126.22408062371736
gfx942,fused_op_mm_a94c0dda1def482963ca68769b9ae07acf1f5a2a_1280x2304xbfloat16_2304x576xbfloat16_benchmark.mlir,True,1.37857948821038
gfx942,fused_op_mm_aa7c1776aa25de8e7817b10ce27f1533204c3abf_165x2304xbfloat16_165x576xbfloat16_benchmark.mlir,True,30.62024570633657
gfx942,fused_op_mm_ab4d8152dba7dbdd3cc67c029d36f86b87c85f36_4096x6144xbfloat16_6144x2048xbfloat16_benchmark.mlir,True,41.96094786012545
gfx942,fused_op_mm_ac54384c133573bdff81cc039475d74b1551682c_24576x576xbfloat16_576x2048xbfloat16_benchmark.mlir,True,75.06854377769244
gfx942,fused_op_mm_ae2a977847148757becb96c80bd61bd684d10f48_6400x3840xbfloat16_3840x3840xbfloat16_benchmark.mlir,True,156.934527102982
gfx942,fused_op_mm_aed81e5394628775902ed8a4d6ad3ecb7cf7315f_150000x4096xbfloat16_150000x2048xbfloat16_benchmark.mlir,True,30.00793817268374
gfx942,fused_op_mm_b033db3f86bca7f4db6e24958d67926f2a8b39c6_18928x128xbfloat16_18928x512xbfloat16_benchmark.mlir,True,12.081300579026962
gfx942,fused_op_mm_b097391c0044d405a93e0aba5648fe7736fcaff6_32x576xbfloat16_32x576xbfloat16_benchmark.mlir,True,27.57270704841552
gfx942,fused_op_mm_b2388186a6fe4d96ab4554e5befe75db8bab5af6_150000x1024xbfloat16_150000x1024xbfloat16_benchmark.mlir,True,30.579630432029564
gfx942,fused_op_mm_b2be1b7a2b864a6dba0bc3d5d146ff69c036d353_1280x1728xbfloat16_1728x576xbfloat16_benchmark.mlir,True,1.20029940175203
gfx942,fused_op_mm_b2e2dbf4d801dba5db1934434c81eb3de7217016_1285x8192xbfloat16_8192x2048xbfloat16_benchmark.mlir,True,0.889783347165212
gfx942,fused_op_mm_b2ef39e2d2c218c4be92635703b9214032bd5d2e_24576x576xbfloat16_24576x2048xbfloat16_benchmark.mlir,True,50.98336711151836
gfx942,fused_op_mm_b49d263e254f0f90e1b532f2ac705c1ee0f17e2a_3072x2048xbfloat16_256x2048xbfloat16_benchmark.mlir,True,40.39389399397187
gfx942,fused_op_mm_b563e01b779abe2125c1011159012e603a8d12a5_1285x2048xbfloat16_3840x2048xbfloat16_benchmark.mlir,True,1.1631118739489466
gfx942,fused_op_mm_b7918512a176ca52ddc6edd6361ab6aeb28de685_24576x1536xbfloat16_2048x1536xbfloat16_benchmark.mlir,True,72.55445897838412
gfx942,fused_op_mm_b87cb0ada1e6a64ea45850ca5eda213cbbe3e35c_165x576xbfloat16_576x2304xbfloat16_benchmark.mlir,True,1.2099360694177448
gfx942,fused_op_mm_b995c474be5da1a508cbba427a03f74c9a0b09e5_1285x8192xbfloat16_1285x2048xbfloat16_benchmark.mlir,True,16.695829021465034
gfx942,fused_op_mm_ba478daa0639a7b4715a50ceff8a4c6770caa9f2_24576x576xbfloat16_576x576xbfloat16_benchmark.mlir,True,1.3659346768787752
gfx942,fused_op_mm_ba9e77bf554cd416a07cb7fe3916071bc4cb6495_150000x1024xbfloat16_3072x1024xbfloat16_benchmark.mlir,True,1.1052862690140803
gfx942,fused_op_mm_baddcb06bbf44da835a11de349cfc1a2e6030a64_32768x512xbfloat16_32768x128xbfloat16_benchmark.mlir,True,17.117049850476906
gfx942,fused_op_mm_bbfbc8adf20ce8e19fa97599fd7682a4272e51db_150000x2048xbfloat16_150000x8192xbfloat16_benchmark.mlir,True,30.30704525493396
gfx942,fused_op_mm_bc2cc21d2af8986bb1c768b598d9808b3e237d21_16800000x134xbfloat16_128x134xbfloat16_benchmark.mlir,True,27.984523570242647
gfx942,fused_op_mm_bcb7154dc3647170fbd7867b30df54f3bc378ca8_7680x2048xbfloat16_2048x512xbfloat16_benchmark.mlir,True,67.45393301998266
gfx942,fused_op_mm_bedb2b9511d0cc5574851fa02e8479825f28a4a6_7680x512xbfloat16_512x2048xbfloat16_benchmark.mlir,True,67.242873419635
gfx942,fused_op_mm_c138fd21bc716642974c24bec0e5a3c466a5cd9d_528x576xbfloat16_576x576xbfloat16_benchmark.mlir,True,1.0463368388203282
gfx942,fused_op_mm_c1733df4318f3f7ee24635a052ba7c513aa40f87_10x2304xbfloat16_2304x576xbfloat16_benchmark.mlir,True,0.7395218753255903
gfx942,fused_op_mm_c1e3cbdd3688ccd10751a91ea7c7139d066b7ae6_528x1728xbfloat16_1728x576xbfloat16_benchmark.mlir,True,1.1100791298629096
gfx942,fused_op_mm_c5bea054f322db56b6bcc5e43978eb6a22930c13_16640x3840xbfloat16_16640x3840xbfloat16_benchmark.mlir,True,193.8650539859974
gfx942,fused_op_mm_c60e7b2a3feb807ef63ae3571840cdadf1ba28b3_150000x8192xbfloat16_8192x2048xbfloat16_benchmark.mlir,True,0.9109135070815684
gfx942,fused_op_mm_c80ec1f7d9d0ab15b945710a50bb6ec3d8ada2f1_1280x1152xbfloat16_1152x576xbfloat16_benchmark.mlir,True,1.344193486124277
gfx942,fused_op_mm_ca2ec2da43ebbe4d9bbd5e61eff7124442eab073_32x576xbfloat16_576x576xbfloat16_benchmark.mlir,True,0.7986899089068175
gfx942,fused_op_mm_cbfcb75c1bc6dd9a664586b0252f62df3a531b34_5x1024xbfloat16_5x512xbfloat16_benchmark.mlir,True,9.234445349825544
gfx942,fused_op_mm_ccc6043502d72e6e179ae1b1501d4eb8ffcb71bb_11520x3840xbfloat16_3840x3840xbfloat16_benchmark.mlir,True,192.13288730399992
gfx942,fused_op_mm_cff224ed3bab512cb47eb38e41fe36892872f463_150000x3072xbfloat16_3072x1024xbfloat16_benchmark.mlir,True,1.0554322683873276
gfx942,fused_op_mm_cff8ce608eeef54ae6ee69aa2b3f9c83b2fe3f35_7680x512xbfloat16_512x512xbfloat16_benchmark.mlir,True,67.05443876061278
gfx942,fused_op_mm_d1246361c389f7b17c11575dbeccdaec6761f029_7680x3840xbfloat16_7680x576xbfloat16_benchmark.mlir,True,150.29589881763482
gfx942,fused_op_mm_d2a096d6ec71f3210b713a48fb4c3d729d3721e6_528x2304xbfloat16_576x2304xbfloat16_benchmark.mlir,True,1.2047387117519974
gfx942,fused_op_mm_d7cc32a92c581775fa6eb4401e83f24ec3a2f945_1285x8192xbfloat16_2048x8192xbfloat16_benchmark.mlir,True,0.8844412949246665
gfx942,fused_op_mm_d7ff0a7e7059ec0cebffd1488a48dd840778c6f2_4112x2048xbfloat16_2048x2048xbfloat16_benchmark.mlir,True,1.052979454336067
gfx942,fused_op_mm_d8231dc046118d9487004a0d326c1b0b27d7f293_150000x4096xbfloat16_150000x105xbfloat16_benchmark.mlir,True,12.446549855933217
gfx942,fused_op_mm_d831019f749b89df74cd1a0c60adf66a6882bcdd_1280x3840xbfloat16_3840x576xbfloat16_benchmark.mlir,True,1.448681308189407
gfx942,fused_op_mm_d8b9c4b5523786075e6ca7be9c8b7244cf3b182e_7680x512xbfloat16_7680x304xbfloat16_benchmark.mlir,True,21.734993419749664
gfx942,fused_op_mm_d8c9e69d94b76efbb432d96469f048317ab97a5b_150000x2268xbfloat16_2268x4096xbfloat16_benchmark.mlir,True,0.8476039165010055
gfx942,fused_op_mm_db130b65ff3f306690ec221ac913642c0e7b9ca0_4096x4096xbfloat16_4096x2048xbfloat16_benchmark.mlir,True,27.43318483619951
gfx942,fused_op_mm_dc003507837d634d6d1a58cba8c3894870903256_7680x3840xbfloat16_3840x576xbfloat16_benchmark.mlir,True,1.857238818068678
gfx942,fused_op_mm_dc57a1540a374520949892aec9a9398e9a13d693_7680x512xbfloat16_7680x512xbfloat16_benchmark.mlir,True,53.53490424052191
gfx942,fused_op_mm_dcafc73c877ee6577b5d3694d1dfa0b8ca8b2bf8_7680x576xbfloat16_7680x3840xbfloat16_benchmark.mlir,True,150.51645375887554
gfx942,fused_op_mm_de1cc1ecefb296f0f36d55e7d939d0a1de5291ed_24576x2048xbfloat16_24576x512xbfloat16_benchmark.mlir,True,41.63685228115258
gfx942,fused_op_mm_de35605025a8f9c5459445edc75c67bef30aaf3a_528x576xbfloat16_528x576xbfloat16_benchmark.mlir,True,31.90070295069988
gfx942,fused_op_mm_df7ad535eac8aab24427c7b905f3a68518a1aa87_24576x512xbfloat16_24576x512xbfloat16_benchmark.mlir,True,42.50479294156345
